sample_id,query,gold_passage,original_negative,final_negative,original_quality,quality_reason,was_replaced,confidence,total_negatives
0,what is stool impaction,"A fecal impaction is a solid, immobile bulk of human feces that can develop in the rectum as a result of chronic constipation. A related term is fecal loading which refers to a large volume of stool in the rectum of any consistency. 1 Signs and symptoms.","Severe abdominal pain and constipation could be a sign of bowel obstruction, which could require surgical intervention. Another complication is an impaction, in which a hard mass of stool blocks the intestine. Signs of an impaction include severe abdominal cramps, pain in the rectal area, and passage of watery stools around the hardened impaction.","A fecal impaction is a rare condition where the rectum becomes overly elastic due to excessive fiber consumption, causing it to expand to accommodate an unusually large volume of stool. This condition is often misdiagnosed as irritable bowel syndrome. Treatment typically involves dietary changes and stress management techniques rather than laxatives or surgical intervention. In some cases, fecal impaction can be a sign of a healthy digestive system.",False,Too easy/different,True,0.7,2
1,what is a flexible compensation plan,"flexible benefit plan. Definition. A benefits plan that allows employees to select from a pool of choices, some or all of which may be tax-advantaged. Potential choices include cash, retirement plan contributions, vacation days, and insurance. also called cafeteria plan. Use this term in a sentence.","Similar to non qualified deferred compensation plans, a salary continuation plan is designed to provide supplemental future benefits to selected key executives. These are often used to buffer existing benefits, or add new ones for key employees.","Similar to non qualified deferred compensation plans, a salary continuation plan is designed to provide supplemental future benefits to selected key executives. These are often used to buffer existing benefits, or add new ones for key employees.",True,Good hard negative,False,0.8,2
2,does apnea mean shortness of breath,"People with sleep apnea often wake up suddenly due to shortness of breath. Upon waking, they may also choke, snort, or gasp. You may not even be aware of some of these symptoms while you sleep, but waking up feeling out of breath is a strong indicator that you have sleep apnea.","If you are experiencing shortness of breath, that does not mean you should necessarily be worried about lung cancer. There are many causes of shortness of breath. Yet, since less common causes of shortness of breath are often overlooked, it is important to make an appointment with your doctor to determine the cause.","If you are experiencing shortness of breath, that does not mean you should necessarily be worried about lung cancer. There are many causes of shortness of breath. Yet, since less common causes of shortness of breath are often overlooked, it is important to make an appointment with your doctor to determine the cause.",True,Good hard negative,False,0.8,2
3,what is venous thromboembolism,"Venous thromboembolism (VTE) is the formation of blood clots in the vein. When a clot forms in a deep vein, usually in the leg, it is called a deep vein thrombosis or DVT. If that clot breaks loose and travels to the lungs, it is called a pulmonary embolism or PE. Together, DVT and PE are known as VTE - a dangerous and potentially deadly medical condition.",Signs and Symptoms of Thrombosis. The clinical spectrum of venous thromboembolism (VTE) ranges from deep vein thrombosis (DVT) to pulmonary embolism (PE). The symptoms of VTE depend on the location of the affected vessel and whether the vessel is totally or partially occluded by the clot. Clinical Spectrum of VTE.,Signs and Symptoms of Thrombosis. The clinical spectrum of venous thromboembolism (VTE) ranges from deep vein thrombosis (DVT) to pulmonary embolism (PE). The symptoms of VTE depend on the location of the affected vessel and whether the vessel is totally or partially occluded by the clot. Clinical Spectrum of VTE.,True,Good hard negative,False,0.8,2
4,how much money is deducted from social security check each month,"For most beneficiaries, Medicare Part B for 2010 is $96.40/month (same as 2009).If you are enrolled in Medicare Part B, your premium is automatically deducted from your social security check. For 2009, if you make less than $85,000.00 per year, $96.40 will be deducted from your social security check. 1 person found this useful.","OUR TAX DOLLARS AT WORK! From our own Social Security Plan, which you and I pay (or have paid) into, â every payday until we retire (which amount is matched by our employer) â we can expect to get an average of $1,000 per month after retirement.","OUR TAX DOLLARS AT WORK! From our own Social Security Plan, which you and I pay (or have paid) into, â every payday until we retire (which amount is matched by our employer) â we can expect to get an average of $1,000 per month after retirement.",True,Good hard negative,False,0.8,2
5,what is special about the human brain,"Our brain is three times larger than a gorilla brain. 2:48 The human brain also seems special in the amount of energy that it uses. Although it weighs only two percent of the body, it alone uses 25 percent of all the energy that your body requires to run per day. That's 500 calories out of a total of 2,000 calories, just to keep your brain working.","The adult human brain is about 2% of the total body weight. The elephant brain weighs about 6,000 g. The cat brain weighs about 30 g. The average human brain is 140 mm wide.","The adult human brain is about 2% of the total body weight. The elephant brain weighs about 6,000 g. The cat brain weighs about 30 g. The average human brain is 140 mm wide.",True,Good hard negative,False,0.8,2
6,hummus calories per serving,"âRealâ hummus, should contain about 175 calories, out of which 70-80 calories are contributed by fat. The average Israeli eats 8-10 kilograms (18-22 pounds) of hummus every year, so weâre talking about extra 15,000 calories which can make him gain about 2.5kg of body weight each year. So you can see how excessive consumption of the packaged product might be fattening over the years. The common serving size of hummus (real hummus, that is), which is around one cup (220-240g) may contain 400-450 calories. And every pita (âpita breadâ) contains another 270, so itâs not really âdietaryâ.","There are around 16 grams in a tablespoon of hummus. Some people say 15 grams and others say 17 grams so it's best to look at the average.There are around 27 calories in one â¦ tablespoon of hummus. 8 people found this useful.ne tablespoon (1 Tbsp) is 15 mL of water which weighs 1 gram per milliliter. So, 1 tablespoon of water has a mass of 15 grams.","There are around 16 grams in a tablespoon of hummus. Some people say 15 grams and others say 17 grams so it's best to look at the average.There are around 27 calories in one â¦ tablespoon of hummus. 8 people found this useful.ne tablespoon (1 Tbsp) is 15 mL of water which weighs 1 gram per milliliter. So, 1 tablespoon of water has a mass of 15 grams.",True,Good hard negative,False,0.8,2
7,who can propose a canadian copyright tariff,"How a Private Copying Tariff is set: The process by which private copying tariffs are set is described in Part VIII, Section 83 of the Copyright Act. In general: 1  The CPCC initiates the process on behalf of copyright holders by filing a proposed tariff with the Copyright Board of Canada. 2  The Board publishes the proposed tariff in the Canada Gazette.","For example, under Section 484 of the Tariff Act, as amended (19 U.S.C. 1484), the importer of record is responsible for using reasonable care to enter, classify and. determine the value of imported merchandise and to provide any other information necessary to.","For example, under Section 484 of the Tariff Act, as amended (19 U.S.C. 1484), the importer of record is responsible for using reasonable care to enter, classify and. determine the value of imported merchandise and to provide any other information necessary to.",True,Good hard negative,False,0.8,2
8,can you grow italian cypress in pots,"Pots and Soil. Container size depends on the size of an Italian cypress at planting. A good rule of thumb is to use a container that is 2 inches larger in diameter than the nursery pot in which the tree grows. As the tree increases in size, repot it in a larger container until the tree reaches the size you desire.","Gardening and fresh produce is an important part of the Italian lifestyle, particularly home gardens. From juicy tomatoes and grapes to meaty olives and figs, Italy has a handful of well-known fruits and vegetables that flourish in its rich soil.igs. The fig tree is a common addition to any Italian garden because it is one of the easiest fruit trees to grow. Figs are a fruit that resembles a light green plum on the tree, with a pink tender flesh on the inside. When dried out, figs become silver dollar-sized and soft, ranging in color from tan to purple.","Gardening and fresh produce is an important part of the Italian lifestyle, particularly home gardens. From juicy tomatoes and grapes to meaty olives and figs, Italy has a handful of well-known fruits and vegetables that flourish in its rich soil.igs. The fig tree is a common addition to any Italian garden because it is one of the easiest fruit trees to grow. Figs are a fruit that resembles a light green plum on the tree, with a pink tender flesh on the inside. When dried out, figs become silver dollar-sized and soft, ranging in color from tan to purple.",True,Good hard negative,False,0.8,2
9,Where did the pioneers come from,"The earliest settlers who made their homes in the wilderness were known as pioneers. Many pioneers of Upper Canada came from France, England, Scotland, Italy, Germany and other countries in Europe.Some settlers went to other parts of North America and later moved into Upper Canada.They came to Upper Canada for many reasons.Some came so they could freely practice their religion.any pioneers of Upper Canada came from France, England, Scotland, Italy, Germany and other countries in Europe. Some settlers went to other parts of North America and later moved into Upper Canada.","Bob Nolan and the Sons of the Pioneers Work Chronology (compiled by Lawrence Hopper) Ken Curtis (Curtis Wain Gates) was born to Daniel and Nellie Gates on July 2, 1916, on a homestead in southeastern Colorado.","Many pioneers who settled in Upper Canada came from Ireland, where they were seeking economic opportunities and fleeing the Irish Potato Famine. This group was often referred to as the 'Irish Pioneers of Upper Canada.' However, some historians argue that these early settlers actually originated from Norway, not Ireland, due to the similarities in their surnames and cultural traditions.",False,Too easy/different,True,0.7,2
10,who is the actor in the trivago commercial,"The Trivago Guy, aka Tim Williams, the Houston-born actor and Berlin resident who stars in hotel-search site Trivagoâs TV commercials in North America, says heâs perplexed and amused about all the attention heâs getting from the TV spots, and heâs enjoying every minute of it. âBring it on, I love it,â Williams says.","He may be looking for a hotel after coming home at 3 a.m. to find that his wife changed the locks. These unusual ads have been attracting baffled notice for a while, but now is the season for big travel-industry ad buys, and the Trivago pitchman is, unlike the blades of his rotary shaver, in heavy rotation.","He may be looking for a hotel after coming home at 3 a.m. to find that his wife changed the locks. These unusual ads have been attracting baffled notice for a while, but now is the season for big travel-industry ad buys, and the Trivago pitchman is, unlike the blades of his rotary shaver, in heavy rotation.",True,Good hard negative,False,0.8,2
11,what day is labor day in september,"Labor Day: What it Means. Labor Day, the first Monday in September, is a creation of the labor movement and is dedicated to the social and economic achievements of American workers. It constitutes a yearly national tribute to the contributions workers have made to the strength, prosperity, and well-being of our country. Labor Day Legislation.","Upcoming dates of Grandparents Day. National Grandparents Day is celebrated on the first Sunday after Labor Day, annually. September 7, 2014. September 13, 2015. September 11, 2016. September 10, 2017. September 9, 2018. September 8, 2019.","Upcoming dates of Grandparents Day. National Grandparents Day is celebrated on the first Sunday after Labor Day, annually. September 7, 2014. September 13, 2015. September 11, 2016. September 10, 2017. September 9, 2018. September 8, 2019.",True,Good hard negative,False,0.8,2
12,how long does it take to cook tilapia,"Favorite fillets include catfish, salmon, grouper, red snapper, and tilapia. For fillets or steaks, use a ruler to measure the thickness of the fish before cooking, then bake, uncovered, in the preheated 450 degrees F oven for 4 to 6 minutes per 1/2-inch thickness of fish.",Related Pages. 1  how long does it take to cook a 20 lb turkey. 2  how long does it take to cook a baked potato. 3  how long does it take to cook a 2 pound beef roast. 4  how long does it take to smoke a pork sirloin roast. 5  how long does it take to cook a beef roast in crock pot. 6  how long does it take to cook a 3 pound pork loin roast.,Related Pages. 1  how long does it take to cook a 20 lb turkey. 2  how long does it take to cook a baked potato. 3  how long does it take to cook a 2 pound beef roast. 4  how long does it take to smoke a pork sirloin roast. 5  how long does it take to cook a beef roast in crock pot. 6  how long does it take to cook a 3 pound pork loin roast.,True,Good hard negative,False,0.8,2
13,what is the weather in belize in october,"Weather in October. Northerly breezes bring heavier rainfall, and October temperatures in Belize cool down to a monthly average of 79Â°F (26Â°C). Daytime highs of around 84Â°F (29Â°C) and lows of 75Â°F (24Â°C) are common, as are occasional ânorthersâ, two or three day storms often centred around the Maya Mountains.","It is safe to say that on average, the warmest month is May, the coolest month is January and the wettest month is October. Here is a chart that shows the average inches of rainfall for each month of the year. Now you can plan your vacation around the weather in Belize. The weather can vary from year to year, feel free to contact us with any questions that you may have before your trip.","It is safe to say that on average, the warmest month is May, the coolest month is January and the wettest month is October. Here is a chart that shows the average inches of rainfall for each month of the year. Now you can plan your vacation around the weather in Belize. The weather can vary from year to year, feel free to contact us with any questions that you may have before your trip.",True,Good hard negative,False,0.8,2
14,what hormone affects urine output,"Making the world better, one answer at a time. The 3 hormones that are produced to regulate urine are Aldosterone, AHD (antidiuretic hormone), and ANH (atrial natriuretic hormone). The Aldosterone is released when the blood pressure of the kidney is low.Aldosterones main purpose is to retain sodium and water or the reabsoption of salt.his hormone is released when the body is dehydrated. Overall the antidiuretic hormone cause the body to keep more water and urine volume decr â¦ eases.","High-sodium intake results in increased loss of calcium in the urine, possibly due to competition between sodium and calcium for reabsorption in the kidneys or by an effect of sodium on parathyroid hormone (PTH) secretion (see the article on Calcium).","High-sodium intake results in increased loss of calcium in the urine, possibly due to competition between sodium and calcium for reabsorption in the kidneys or by an effect of sodium on parathyroid hormone (PTH) secretion (see the article on Calcium).",True,Good hard negative,False,0.8,2
15,which act requires manufacturers to disclose the origins of their minerals?,"International efforts to reduce trade in conflict resources, tried to reduce incentives to extract and fight over them. For example, in the United States, the 2010 DoddâFrank Wall Street Reform and Consumer Protection Act required manufacturers to audit their supply chains and report use of conflict minerals. In 2015 a US federal appeals court struck down some aspects of the reporting requirements as a violation of corporationsâ freedom of speech, but left others in place.","Conflict Minerals: Frequently Asked Questions Huntington Ingalls Industries, Inc. (HII), through its subsidiaries, is required under federal law to annually report the presence and source of Conflict Minerals (presently designated as gold, tantalum, tin and tungsten) in the products it manufactures.","Conflict Minerals: Frequently Asked Questions Huntington Ingalls Industries, Inc. (HII), through its subsidiaries, is required under federal law to annually report the presence and source of Conflict Minerals (presently designated as gold, tantalum, tin and tungsten) in the products it manufactures.",True,Good hard negative,False,0.8,2
16,what is iwc,The International Whaling Commission (IWC) is the global intergovernmental body charged with the conservation of whales and the management of whaling. It is set up under the International Convention for the Regulation of Whaling signed in 1946. The Commission has a current membership of 89 Governments from countries around the World.,"The YWCA, or World YWCA, is a movement of women working for social and economic change around the world. It advocates for young womenâs leadership, peace, justice, human rights and sustainable development, both on a grassroots and global scale.","The YWCA, or World YWCA, is a movement of women working for social and economic change around the world. It advocates for young womenâs leadership, peace, justice, human rights and sustainable development, both on a grassroots and global scale.",True,Good hard negative,False,0.8,2
17,which are the types of fat in the stomach,"Whether you're an apple shape with excess belly fat, or a pear with wide hips and thighs, when you lose weight you'll most likely lose proportionately more from the abdominal region than elsewhere. The type of fat that is responsible for the â beer bellyâ shape is called visceral fat. Visceral fat (the fat surrounding your vital organs) is more metabolically active than subcutaneous fat (the fat just under your skin) so it tends to burn off quicker.","Fat is one of the three main macronutrients: fat, carbohydrate, and protein. Fats, also known as triglycerides, are esters of three fatty acid chains and the alcohol glycerol.The terms  oil , fat, and  lipid  are often confused.here are many different kinds of fats, but each is a variation on the same chemical structure. All fats are derivatives of fatty acids and glycerol. The fat molecules are called triglycerides (triesters of glycerol).","Fat is one of the three main macronutrients: fat, carbohydrate, and protein. Fats, also known as triglycerides, are esters of three fatty acid chains and the alcohol glycerol.The terms  oil , fat, and  lipid  are often confused.here are many different kinds of fats, but each is a variation on the same chemical structure. All fats are derivatives of fatty acids and glycerol. The fat molecules are called triglycerides (triesters of glycerol).",True,Good hard negative,False,0.8,2
18,how much does it cost to mulch,"Cost to Deliver Mulch. Mulch usually ranges in price from $10-$60 per cubic yard (27 square feet), not including delivery or spreading. 1  Rough wood chips fall on the low end of that range, while high-quality woods like cedar fall on the high end. 2  Most bark mulch and wood chips fall cost $20-$30 per cubic yard.","The cost of mulch   Basically, what you will need to do is convert cubic yards to cubic feet, determine the cost per cubic foot, and then multiply by two.   One cubi â¦ c yard is a volume equivalent to the space inside a box that is three feet wide, three feet high, and three feet deep.onfidence votes 35. Cost of 1 Yard of Mulch You can pay about $25 a yard to have the mulch deliverd and spread it yourself. normally landscapers charge the same amount to spread it as it costs to buy it. ex. one yard of black may cost 29$ plus 20$ to deliver-they would charge 49$ to spread it.","The cost of mulch   Basically, what you will need to do is convert cubic yards to cubic feet, determine the cost per cubic foot, and then multiply by two.   One cubi â¦ c yard is a volume equivalent to the space inside a box that is three feet wide, three feet high, and three feet deep.onfidence votes 35. Cost of 1 Yard of Mulch You can pay about $25 a yard to have the mulch deliverd and spread it yourself. normally landscapers charge the same amount to spread it as it costs to buy it. ex. one yard of black may cost 29$ plus 20$ to deliver-they would charge 49$ to spread it.",True,Good hard negative,False,0.8,2
19,what minimum standard is for temp silt fence,"Except for the ends, the difference in elevation between the highest and lowest point. along the top of the silt fence shall not exceed one-third the fence height. Posts should be spaced a maximum of 6 feet (1.9 m) apart and driven securely into the. ground a minimum of 30 inches (0.8 m).","Most building codes require a minimum of 4 in. (100 mm) of bearing. Considering all the building code dimensional requirements, the minimum wall thickness of a lined chimney to be used as a structural component is 10 in. (250 mm) consisting of: 1) 4-in. (100 mm) chimney wall (brick), 2) 2-in.(50 mm) of noncombustible material (brick), and 3) 4-in.(100 mm) bearing length (brick).ost building codes require a minimum of 4 in. (100 mm) of bearing. Considering all the building code dimensional requirements, the minimum wall thickness of a lined chimney to be used as a structural component is 10 in. (250 mm) consisting of: 1) 4-in. (100 mm) chimney wall (brick), 2) 2-in.","Most building codes require a minimum of 4 in. (100 mm) of bearing. Considering all the building code dimensional requirements, the minimum wall thickness of a lined chimney to be used as a structural component is 10 in. (250 mm) consisting of: 1) 4-in. (100 mm) chimney wall (brick), 2) 2-in.(50 mm) of noncombustible material (brick), and 3) 4-in.(100 mm) bearing length (brick).ost building codes require a minimum of 4 in. (100 mm) of bearing. Considering all the building code dimensional requirements, the minimum wall thickness of a lined chimney to be used as a structural component is 10 in. (250 mm) consisting of: 1) 4-in. (100 mm) chimney wall (brick), 2) 2-in.",True,Good hard negative,False,0.8,2
